DERIVATIVES PRICELIST,,,,,,,,,
,,Listing,Expiry,Days to,MTM,Previous,Total Volume,Total,Open Interest
Contract Type,ISIN,Date,Date,Expiry,Price,Price,Contracts,Value,Contracts
,,,,,,,,,Jan-25
INDEX (N25I),,,,,,,,,
3/20/2025,KE9400006434,3/22/2024,3/20/2025, 48 ," 3,460.00 "," 3,522.00 ",,, -   
6/20/2025,KE9400007986,6/21/2024,6/19/2025, 139 ," 3,499.00 "," 3,561.00 ",,, -   
9/18/2025,KE9400009214,9/20/2024,9/18/2025, 230 ," 3,554.00 "," 3,617.00 ",,, -   
12/18/2025,KE9600001870,12/20/2024,12/18/2025, 321 ," 3,622.00 "," 3,686.00 ",,, -   
,,,,,,,,,
INDEX (25MN),,,,,,,,,
3/20/2025,KE9400006327,3/22/2024,3/20/2025, 48 ," 3,460.00 "," 3,522.00 ",,, -   
6/20/2025,KE9400007870,6/21/2024,6/19/2025, 139 ," 3,499.00 "," 3,561.00 ",,, -   
9/18/2025,KE9400009107,9/20/2024,9/18/2025, 230 ," 3,554.00 "," 3,617.00 ",,, -   
12/18/2025,KE9600001763,12/20/2024,12/18/2025, 321 ," 3,622.00 "," 3,686.00 ",,, -   
,,,,,,,,,
INDEX (10MN),,,,,,,,,
3/20/2025,KE9600003108,3/22/2024,3/20/2025, 79 ," 1,322.00 "," 1,348.00 ",,, -   
6/20/2025,KE9600003215,6/21/2024,6/19/2025, 170 ," 1,337.00 "," 1,363.00 ",,, -   
9/18/2025,KE9600003322,9/20/2024,9/18/2025, 261 ," 1,358.00 "," 1,384.00 ",,, -   
12/18/2025,KE9600003439,12/20/2024,12/18/2025, 352 ," 1,384.00 "," 1,411.00 ",,, -   
,,,,,,,,,
SINGLE STOCK FUTURE (SCOM),,,,,,,,,
3/20/2025,KE9400006657,3/22/2024,3/20/2025, 48 , 16.87 , 17.38 ,,, 9.00 
6/20/2025,KE9400008109,6/21/2024,6/19/2025, 139 , 17.26 , 17.78 ,,, -   
9/18/2025,KE9400009438,9/20/2024,9/18/2025, 230 , 17.72 , 18.26 ,,, -   
12/18/2025,KE9600001987,12/20/2024,12/18/2025, 321 , 18.26 , 18.81 ,,, -   
,,,,,,,,,
SINGLE STOCK FUTURE (EQTY),,,,,,,,,
3/20/2025,KE9400006988,3/22/2024,3/20/2025, 48 , 47.81 , 48.28 ,,, 8.00 
6/20/2025,KE9400008323,6/21/2024,6/19/2025, 139 , 44.88 , 45.36 ,,, -   
9/18/2025,KE9400009768,9/20/2024,9/18/2025, 230 , 46.10 , 46.59 ,,, -   
12/18/2025,KE9600002100,12/20/2024,12/18/2025, 321 , 47.50 , 48.00 ,,, -   
,,,,,,,,,
SINGLE STOCK FUTURE (KCBG),,,,,,,,,
3/20/2025,KE9400006764,3/22/2024,3/20/2025, 48 , 43.31 , 44.10 ,,, 169.00 
6/20/2025,KE9400008216,6/21/2024,6/19/2025, 139 , 44.30 , 45.35 ,,, -   
9/18/2025,KE9400009545,9/20/2024,9/18/2025, 230 , 45.49 , 46.57 ,,, -   
12/18/2025,KE9600002092,12/20/2024,12/18/2025, 321 , 46.86 , 47.97 ,,, -   
,,,,,,,,,
SINGLE STOCK FUTURE (EABL),,,,,,,,,
3/20/2025,KE9400007218,3/22/2024,3/20/2025, 48 , 181.80 , 192.50 ,,, -   
6/20/2025,KE9400008547,6/21/2024,6/19/2025, 139 , 186.00 , 196.90 ,,, -   
9/18/2025,KE9400009982,9/20/2024,9/18/2025, 230 , 185.00 , 196.20 ,,, -   
12/18/2025,KE9600002324,12/20/2024,12/18/2025, 321 , 190.60 , 202.15 ,,, -   
,,,,,,,,,
SINGLE STOCK FUTURE (BATK),,,,,,,,,
3/20/2025,KE9400007325,3/22/2024,3/20/2025, 48 , 367.20 , 368.55 ,,, -   
6/20/2025,KE9400008653,6/21/2024,6/19/2025, 139 , 330.30 , 331.70 ,,, -   
9/18/2025,KE9600001102,9/20/2024,9/18/2025, 230 , 334.25 , 335.70 ,,, -   
12/18/2025,KE9600002548,12/20/2024,12/18/2025, 321 , 344.45 , 345.90 ,,, -   
,,,,,,,,,
SINGLE STOCK FUTURE (ABSA),,,,,,,,,
3/20/2025,KE9400007093,3/22/2024,3/20/2025, 48 , 18.21 , 18.19 , 1.00 ," 18,210.00 ", 5.00 
6/20/2025,KE9400008430,6/21/2024,6/19/2025, 139 , 17.23 , 17.24 ,,, -   
9/18/2025,KE9400009875,9/20/2024,9/18/2025, 230 , 17.70 , 17.70 ,,, -   
12/18/2025,KE9600002217,12/20/2024,12/18/2025, 321 , 18.23 , 18.24 ,,, -   
,,,,,,,,,
SINGLE STOCK FUTURE (NCBA),,,,,,,,,
3/20/2025,KE9400007432,3/22/2024,3/20/2025, 48 , 49.13 , 49.25 ,,, 4.00 
6/20/2025,KE9400008760,6/21/2024,6/19/2025, 139 , 47.22 , 47.34 ,,, -   
9/18/2025,KE9600001219,9/20/2024,9/18/2025, 230 , 48.49 , 48.61 ,,, -   
12/18/2025,KE9600002654,12/20/2024,12/18/2025, 321 , 49.96 , 50.08 ,,, -   
,,,,,,,,,
SINGLE STOCK FUTURE (COOP),,,,,,,,,
3/20/2025,KE9400007549,3/22/2024,3/20/2025, 48 , 16.90 , 16.67 , 1.00 ," 16,900.00 ", 111.00 
6/20/2025,KE9400008877,6/21/2024,6/19/2025, 139 , 15.63 , 15.53 ,,, -   
9/18/2025,KE9600001326,9/20/2024,9/18/2025, 230 , 16.05 , 15.95 ,,, -   
12/18/2025,KE9600002878,12/20/2024,12/18/2025, 321 , 16.54 , 16.43 ,,, -   
,,,,,,,,,
SINGLE STOCK FUTURE (SCBK),,,,,,,,,
3/20/2025,KE9400007655,3/22/2024,3/20/2025, 48 , 282.10 , 284.45 ,,, 1.00 
6/20/2025,KE9400008984,6/21/2024,6/19/2025, 139 , 265.20 , 267.60 ,,, -   
9/18/2025,KE9600001433,9/20/2024,9/18/2025, 230 , 272.40 , 274.85 ,,, -   
12/18/2025,KE9600002985,12/20/2024,12/18/2025, 321 , 280.60 , 283.15 ,,, -   
,,,,,,,,,
SINGLE STOCK FUTURE (IMHP),,,,,,,,,
3/20/2025,KE9400007762,3/22/2024,3/20/2025, 48 , 34.14 , 35.26 ,,, 1.00 
6/20/2025,KE9400009099,6/21/2024,6/19/2025, 139 , 32.33 , 33.48 ,,, -   
9/18/2025,KE9600001540,9/20/2024,9/18/2025, 230 , 33.20 , 34.38 ,,, -   
12/18/2025,KE9600003090,12/20/2024,12/18/2025, 321 , 34.21 , 35.42 ,,, -   
,,,,,,,,,
,,,,,,,,,
DERIVATIVES PRICELIST,,,,,,,,,
,,Listing,Expiry,Days to,MTM,Previous,Total Volume,Total,Open Interest
Contract Type,ISIN,Date,Date,Expiry,Price,Price,Contracts,Value,Contracts
,,,,,,,,,Feb-25
INDEX (N25I),,,,,,,,,
3/20/2025,KE9400006434,3/22/2024,3/20/2025,20," 3,605.00 "," 3,607.00 ",,, -   
6/20/2025,KE9400007986,6/21/2024,6/19/2025,111," 3,639.00 "," 3,640.00 ",,, -   
9/18/2025,KE9400009214,9/20/2024,9/18/2025,202," 3,683.00 "," 3,686.00 ",,, -   
12/18/2025,KE9600001870,12/20/2024,12/18/2025,293," 3,742.00 "," 3,745.00 ",,, -   
,,,,,,,,,
INDEX (25MN),,,,,,,,,
3/20/2025,KE9400006327,3/22/2024,3/20/2025,20," 3,605.00 "," 3,607.00 ",,, -   
6/20/2025,KE9400007870,6/21/2024,6/19/2025,111," 3,639.00 "," 3,640.00 ",,, -   
9/18/2025,KE9400009107,9/20/2024,9/18/2025,202," 3,683.00 "," 3,686.00 ",,, -   
12/18/2025,KE9600001763,12/20/2024,12/18/2025,293," 3,742.00 "," 3,745.00 ",,, -   
,,,,,,,,,
INDEX (10MN),,,,,,,,,
3/20/2025,KE9600003108,3/22/2024,3/20/2025,79," 1,371.00 "," 1,372.00 ",,, -   
6/20/2025,KE9600003215,6/21/2024,6/19/2025,170," 1,384.00 "," 1,384.00 ",,, -   
9/18/2025,KE9600003322,9/20/2024,9/18/2025,261," 1,400.00 "," 1,402.00 ",,, -   
12/18/2025,KE9600003439,12/20/2024,12/18/2025,352," 1,423.00 "," 1,424.00 ",,, -   
,,,,,,,,,
SINGLE STOCK FUTURE (SCOM),,,,,,,,,
3/20/2025,KE9400006657,3/22/2024,3/20/2025,20, 17.49 , 17.65 ,,, 4.00 
6/20/2025,KE9400008109,6/21/2024,6/19/2025,111, 17.86 , 18.02 ,,, -   
9/18/2025,KE9400009438,9/20/2024,9/18/2025,202, 18.29 , 18.45 ,,, -   
12/18/2025,KE9600001987,12/20/2024,12/18/2025,293, 18.79 , 18.96 ,,, -   
,,,,,,,,,
SINGLE STOCK FUTURE (EQTY),,,,,,,,,
3/20/2025,KE9400006988,3/22/2024,3/20/2025,20, 48.96 , 48.72 ,,, 8.00 
6/20/2025,KE9400008323,6/21/2024,6/19/2025,111, 45.97 , 45.73 ,,, -   
9/18/2025,KE9400009768,9/20/2024,9/18/2025,202, 47.06 , 46.83 ,,, -   
12/18/2025,KE9600002100,12/20/2024,12/18/2025,293, 48.35 , 48.11 ,,, -   
,,,,,,,,,
SINGLE STOCK FUTURE (KCBG),,,,,,,,,
3/20/2025,KE9400006764,3/22/2024,3/20/2025,20, 45.19 , 45.05 ,,, 170.00 
6/20/2025,KE9400008216,6/21/2024,6/19/2025,111, 46.14 , 46.00 ,,, -   
9/18/2025,KE9400009545,9/20/2024,9/18/2025,202, 47.24 , 47.11 ,,, -   
12/18/2025,KE9600002092,12/20/2024,12/18/2025,293, 48.53 , 48.40 ,,, -   
,,,,,,,,,
SINGLE STOCK FUTURE (EABL),,,,,,,,,
3/20/2025,KE9400007218,3/22/2024,3/20/2025,20, 186.00 , 186.75 ,,, -   
6/20/2025,KE9400008547,6/21/2024,6/19/2025,111, 189.90 , 190.70 ,,, -   
9/18/2025,KE9400009982,9/20/2024,9/18/2025,202, 188.40 , 189.30 ,,, -   
12/18/2025,KE9600002324,12/20/2024,12/18/2025,293, 193.55 , 194.50 ,,, -   
,,,,,,,,,
SINGLE STOCK FUTURE (BATK),,,,,,,,,
3/20/2025,KE9400007325,3/22/2024,3/20/2025,20, 382.05 , 374.05 ,,, -   
6/20/2025,KE9400008653,6/21/2024,6/19/2025,111, 344.80 , 336.70 ,,, -   
9/18/2025,KE9600001102,9/20/2024,9/18/2025,202, 347.95 , 339.80 ,,, -   
12/18/2025,KE9600002548,12/20/2024,12/18/2025,293, 357.55 , 349.15 ,,, -   
,,,,,,,,,
SINGLE STOCK FUTURE (ABSA),,,,,,,,,
3/20/2025,KE9400007093,3/22/2024,3/20/2025,20, 19.10 , 19.21 ,,, 5.00 
6/20/2025,KE9400008430,6/21/2024,6/19/2025,111, 18.14 , 18.25 ,,, -   
9/18/2025,KE9400009875,9/20/2024,9/18/2025,202, 18.57 , 18.69 ,,, -   
12/18/2025,KE9600002217,12/20/2024,12/18/2025,293, 19.08 , 19.20 ,,, -   
,,,,,,,,,
SINGLE STOCK FUTURE (NCBA),,,,,,,,,
3/20/2025,KE9400007432,3/22/2024,3/20/2025,20, 50.00 , 50.28 , 1.00 ," 50,000.00 ", 4.00 
6/20/2025,KE9400008760,6/21/2024,6/19/2025,111, 48.55 , 48.31 ,,, -   
9/18/2025,KE9600001219,9/20/2024,9/18/2025,202, 49.70 , 49.47 ,,, -   
12/18/2025,KE9600002654,12/20/2024,12/18/2025,293, 51.06 , 50.82 ,,, -   
,,,,,,,,,
SINGLE STOCK FUTURE (COOP),,,,,,,,,
3/20/2025,KE9400007549,3/22/2024,3/20/2025,20, 16.94 , 16.84 ,,, 111.00 
6/20/2025,KE9400008877,6/21/2024,6/19/2025,111, 15.78 , 15.68 ,,, -   
9/18/2025,KE9600001326,9/20/2024,9/18/2025,202, 16.15 , 16.06 ,,, -   
12/18/2025,KE9600002878,12/20/2024,12/18/2025,293, 16.60 , 16.50 ,,, -   
,,,,,,,,,
SINGLE STOCK FUTURE (SCBK),,,,,,,,,
3/20/2025,KE9400007655,3/22/2024,3/20/2025,20, 311.10 , 301.65 , 2.00 ," 62,220.00 ", 3.00 
6/20/2025,KE9400008984,6/21/2024,6/19/2025,111, 284.85 , 284.70 ,,, -   
9/18/2025,KE9600001433,9/20/2024,9/18/2025,202, 291.65 , 291.55 ,,, -   
12/18/2025,KE9600002985,12/20/2024,12/18/2025,293, 299.60 , 299.55 ,,, -   
,,,,,,,,,
SINGLE STOCK FUTURE (IMHP),,,,,,,,,
3/20/2025,KE9400007762,3/22/2024,3/20/2025,20, 36.14 , 36.00 ,,, 1.00 
6/20/2025,KE9400009099,6/21/2024,6/19/2025,111, 34.32 , 34.17 ,,, -   
9/18/2025,KE9600001540,9/20/2024,9/18/2025,202, 35.13 , 35.00 ,,, -   
12/18/2025,KE9600003090,12/20/2024,12/18/2025,293, 36.09 , 35.95 ,,, -   
,,,,,,,,,
,,,,,,,,,
DERIVATIVES PRICELIST,,,,,,,,,
,,Listing,Expiry,Days to,MTM,Previous,Total Volume,Total,Open Interest
Contract Type,ISIN,Date,Date,Expiry,Price,Price,Contracts,Value,Contracts
,,,,,,,,,Mar-25
INDEX (N25I),,,,,,,,,
6/20/2025,KE9400007986,6/21/2024,6/19/2025,83," 3,564.00 "," 3,559.00 ",,, -   
9/18/2025,KE9400009214,9/20/2024,9/18/2025,174," 3,601.00 "," 3,596.00 ",,, -   
12/18/2025,KE9600001870,12/20/2024,12/18/2025,265," 3,654.00 "," 3,650.00 ",,, -   
3/19/2026,KE9800005879,3/21/2025,3/19/2026,356," 3,721.00 "," 3,718.00 ",,, -   
,,,,,,,,,
INDEX (25MN),,,,,,,,,
6/20/2025,KE9400007870,6/21/2024,6/19/2025,83," 3,564.00 "," 3,559.00 ",,, -   
9/18/2025,KE9400009107,9/20/2024,9/18/2025,174," 3,601.00 "," 3,596.00 ",,, -   
12/18/2025,KE9600001763,12/20/2024,12/18/2025,265," 3,654.00 "," 3,650.00 ",,, -   
3/19/2026,KE9800005762,3/21/2025,3/19/2026,356," 3,721.00 "," 3,718.00 ",,, -   
,,,,,,,,,
INDEX (10MN),,,,,,,,,
6/20/2025,KE9600003215,6/21/2024,6/19/2025,170," 1,354.00 "," 1,350.00 ",,, -   
9/18/2025,KE9600003322,9/20/2024,9/18/2025,261," 1,368.00 "," 1,364.00 ",,, -   
12/18/2025,KE9600003439,12/20/2024,12/18/2025,352," 1,388.00 "," 1,384.00 ",,, -   
3/19/2026,KE9800005986,3/21/2025,3/19/2026,352," 1,414.00 "," 1,410.00 ",,, -   
,,,,,,,,,
SINGLE STOCK FUTURE (SCOM),,,,,,,,,
6/20/2025,KE9400008109,6/21/2024,6/19/2025,83, 18.66 , 18.36 ,,, -   
9/18/2025,KE9400009438,9/20/2024,9/18/2025,174, 18.41 , 18.76 ,,, -   
12/18/2025,KE9600001987,12/20/2024,12/18/2025,265, 18.90 , 19.26 ,,, -   
3/19/2026,KE9800006109,3/21/2025,3/19/2026,356, 19.45 , 19.83 ,,, -   
,,,,,,,,,
SINGLE STOCK FUTURE (EQTY),,,,,,,,,
6/20/2025,KE9400008323,6/21/2024,6/19/2025,83, 48.00 , 43.86 , 1.00 ," 48,000.00 ", 1.00 
9/18/2025,KE9400009768,9/20/2024,9/18/2025,174, 44.71 , 44.83 ,,, -   
12/18/2025,KE9600002100,12/20/2024,12/18/2025,265, 45.89 , 46.02 ,,, -   
3/19/2026,KE9800006323,3/21/2025,3/19/2026,356, 47.24 , 47.39 ,,, -   
,,,,,,,,,
SINGLE STOCK FUTURE (KCBG),,,,,,,,,
6/20/2025,KE9400008216,6/21/2024,6/19/2025,83, 41.45 , 39.84 ,,, -   
9/18/2025,KE9400009545,9/20/2024,9/18/2025,174, 42.36 , 40.71 ,,, -   
12/18/2025,KE9600002092,12/20/2024,12/18/2025,265, 43.47 , 41.79 ,,, -   
3/19/2026,KE9800006216,3/21/2025,3/19/2026,356, 44.75 , 43.03 ,,, -   
,,,,,,,,,
SINGLE STOCK FUTURE (EABL),,,,,,,,,
6/20/2025,KE9400008547,6/21/2024,6/19/2025,83, 183.50 , 183.60 ,,, -   
9/18/2025,KE9400009982,9/20/2024,9/18/2025,174, 181.55 , 181.65 ,,, -   
12/18/2025,KE9600002324,12/20/2024,12/18/2025,265, 186.30 , 186.45 ,,, -   
3/19/2026,KE9800006547,3/21/2025,3/19/2026,356, 191.85 , 192.00 ,,, -   
,,,,,,,,,
SINGLE STOCK FUTURE (BATK),,,,,,,,,
6/20/2025,KE9400008653,6/21/2024,6/19/2025,83, 333.25 , 332.10 ,,, -   
9/18/2025,KE9600001102,9/20/2024,9/18/2025,174, 335.55 , 334.40 ,,, -   
12/18/2025,KE9600002548,12/20/2024,12/18/2025,265, 344.40 , 343.25 ,,, -   
3/19/2026,KE9800006653,3/21/2025,3/19/2026,356, 354.60 , 353.50 ,,, -   
,,,,,,,,,
SINGLE STOCK FUTURE (ABSA),,,,,,,,,
6/20/2025,KE9400008430,6/21/2024,6/19/2025,83, 17.81 , 17.81 ,,, -   
9/18/2025,KE9400009875,9/20/2024,9/18/2025,174, 18.20 , 18.20 ,,, -   
12/18/2025,KE9600002217,12/20/2024,12/18/2025,265, 18.67 , 18.68 ,,, -   
3/19/2026,KE9800006430,3/21/2025,3/19/2026,356, 19.22 , 19.24 ,,, -   
,,,,,,,,,
SINGLE STOCK FUTURE (NCBA),,,,,,,,,
6/20/2025,KE9400008760,6/21/2024,6/19/2025,83, 50.25 , 50.26 ,,, -   
9/18/2025,KE9600001219,9/20/2024,9/18/2025,174, 49.10 , 51.37 ,,, -   
12/18/2025,KE9600002654,12/20/2024,12/18/2025,265, 50.39 , 52.72 ,,, -   
3/19/2026,KE9800006760,3/21/2025,3/19/2026,356, 51.88 , 54.29 ,,, -   
,,,,,,,,,
SINGLE STOCK FUTURE (COOP),,,,,,,,,
6/20/2025,KE9400008877,6/21/2024,6/19/2025,83, 14.80 , 14.75 ,,, -   
9/18/2025,KE9600001326,9/20/2024,9/18/2025,174, 15.12 , 15.08 ,,, -   
12/18/2025,KE9600002878,12/20/2024,12/18/2025,265, 15.52 , 15.47 ,,, -   
3/19/2026,KE9800006877,3/21/2025,3/19/2026,356, 15.98 , 15.93 ,,, -   
,,,,,,,,,
SINGLE STOCK FUTURE (SCBK),,,,,,,,,
6/20/2025,KE9400008984,6/21/2024,6/19/2025,83, 305.10 , 304.95 ,,, -   
9/18/2025,KE9600001433,9/20/2024,9/18/2025,174, 303.85 , 311.70 ,,, -   
12/18/2025,KE9600002985,12/20/2024,12/18/2025,265, 311.80 , 319.90 ,,, -   
3/19/2026,KE9800006984,3/21/2025,3/19/2026,356, 321.00 , 329.40 ,,, -   
,,,,,,,,,
SINGLE STOCK FUTURE (IMHP),,,,,,,,,
6/20/2025,KE9400009099,6/21/2024,6/19/2025,83, 31.26 , 31.32 ,,, -   
9/18/2025,KE9600001540,9/20/2024,9/18/2025,174, 31.95 , 32.01 ,,, -   
12/18/2025,KE9600003090,12/20/2024,12/18/2025,265, 32.78 , 32.86 ,,, -   
3/19/2026,KE9800007099,3/21/2025,3/19/2026,356, 33.75 , 33.83 ,,, -   
,,,,,,,,,
,,,,,,,,,
DERIVATIVES PRICELIST,,,,,,,,,
,,Listing,Expiry,Days to,MTM,Previous,Total Volume,Total,Open Interest
Contract Type,ISIN,Date,Date,Expiry,Price,Price,Contracts,Value,Contracts
,,,,,,,,,Apr-25
INDEX (N25I),,,,,,,,,
6/20/2025,KE9400007986,6/21/2024,6/19/2025,50," 3,432.00 "," 3,428.00 ",,, -   
9/18/2025,KE9400009214,9/20/2024,9/18/2025,141," 3,459.00 "," 3,455.00 ",,, -   
12/18/2025,KE9600001870,12/20/2024,12/18/2025,232," 3,500.00 "," 3,496.00 ",,, -   
3/19/2026,KE9800005879,3/21/2025,3/19/2026,323," 3,557.00 "," 3,553.00 ",,, -   
,,,,,,,,,
INDEX (25MN),,,,,,,,,
6/20/2025,KE9400007870,6/21/2024,6/19/2025,50," 3,432.00 "," 3,428.00 ",,, -   
9/18/2025,KE9400009107,9/20/2024,9/18/2025,141," 3,459.00 "," 3,455.00 ",,, -   
12/18/2025,KE9600001763,12/20/2024,12/18/2025,232," 3,500.00 "," 3,496.00 ",,, -   
3/19/2026,KE9800005762,3/21/2025,3/19/2026,323," 3,557.00 "," 3,553.00 ",,, -   
,,,,,,,,,
INDEX (10MN),,,,,,,,,
6/20/2025,KE9600003215,6/21/2024,6/19/2025,170," 1,292.00 "," 1,288.00 ",,, -   
9/18/2025,KE9600003322,9/20/2024,9/18/2025,261," 1,302.00 "," 1,299.00 ",,, -   
12/18/2025,KE9600003439,12/20/2024,12/18/2025,352," 1,318.00 "," 1,314.00 ",,, -   
3/19/2026,KE9800005986,3/21/2025,3/19/2026,352," 1,339.00 "," 1,336.00 ",,, -   
,,,,,,,,,
SINGLE STOCK FUTURE (SCOM),,,,,,,,,
6/20/2025,KE9400008109,6/21/2024,6/19/2025,50, 17.76 , 17.51 ,,, 1.00 
9/18/2025,KE9400009438,9/20/2024,9/18/2025,141, 17.46 , 17.20 ,,, 1.00 
12/18/2025,KE9600001987,12/20/2024,12/18/2025,232, 17.87 , 17.61 ,,, -   
3/19/2026,KE9800006109,3/21/2025,3/19/2026,323, 18.36 , 18.09 ,,, -   
,,,,,,,,,
SINGLE STOCK FUTURE (EQTY),,,,,,,,,
6/20/2025,KE9400008323,6/21/2024,6/19/2025,50, 41.97 , 41.17 ,,, -   
9/18/2025,KE9400009768,9/20/2024,9/18/2025,141, 42.81 , 41.99 ,,, -   
12/18/2025,KE9600002100,12/20/2024,12/18/2025,232, 43.81 , 42.98 ,,, -   
3/19/2026,KE9800006323,3/21/2025,3/19/2026,323, 45.02 , 44.16 ,,, -   
,,,,,,,,,
SINGLE STOCK FUTURE (KCBG),,,,,,,,,
6/20/2025,KE9400008216,6/21/2024,6/19/2025,50, 38.91 , 38.72 ,,, -   
9/18/2025,KE9400009545,9/20/2024,9/18/2025,141, 39.69 , 39.49 ,,, -   
12/18/2025,KE9600002092,12/20/2024,12/18/2025,232, 40.62 , 40.42 ,,, -   
3/19/2026,KE9800006216,3/21/2025,3/19/2026,323, 41.73 , 41.53 ,,, -   
,,,,,,,,,
SINGLE STOCK FUTURE (EABL),,,,,,,,,
6/20/2025,KE9400008547,6/21/2024,6/19/2025,50, 176.05 , 176.10 ,,, 2.00 
9/18/2025,KE9400009982,9/20/2024,9/18/2025,141, 179.60 , 179.60 ,,, -   
12/18/2025,KE9600002324,12/20/2024,12/18/2025,232, 183.80 , 183.85 ,,, -   
3/19/2026,KE9800006547,3/21/2025,3/19/2026,323, 188.85 , 188.90 ,,, -   
,,,,,,,,,
SINGLE STOCK FUTURE (BATK),,,,,,,,,
6/20/2025,KE9400008653,6/21/2024,6/19/2025,50, 329.40 , 329.45 ,,, -   
9/18/2025,KE9600001102,9/20/2024,9/18/2025,141, 330.90 , 331.00 ,,, -   
12/18/2025,KE9600002548,12/20/2024,12/18/2025,232, 338.70 , 338.80 ,,, -   
3/19/2026,KE9800006653,3/21/2025,3/19/2026,323, 348.05 , 348.15 ,,, -   
,,,,,,,,,
SINGLE STOCK FUTURE (ABSA),,,,,,,,,
6/20/2025,KE9400008430,6/21/2024,6/19/2025,50, 16.80 , 17.36 ,,, 5.00 
9/18/2025,KE9400009875,9/20/2024,9/18/2025,141, 17.13 , 17.71 ,,, -   
12/18/2025,KE9600002217,12/20/2024,12/18/2025,232, 17.33 , 17.92 ,,, -   
3/19/2026,KE9800006430,3/21/2025,3/19/2026,323, 17.81 , 18.41 ,,, -   
,,,,,,,,,
SINGLE STOCK FUTURE (NCBA),,,,,,,,,
6/20/2025,KE9400008760,6/21/2024,6/19/2025,50, 51.36 , 51.37 ,,, -   
9/18/2025,KE9600001219,9/20/2024,9/18/2025,141, 50.13 , 50.14 ,,, -   
12/18/2025,KE9600002654,12/20/2024,12/18/2025,232, 51.31 , 51.32 ,,, -   
3/19/2026,KE9800006760,3/21/2025,3/19/2026,323, 52.72 , 52.74 ,,, -   
,,,,,,,,,
SINGLE STOCK FUTURE (COOP),,,,,,,,,
6/20/2025,KE9400008877,6/21/2024,6/19/2025,50, 14.57 , 14.83 ,,, -   
9/18/2025,KE9600001326,9/20/2024,9/18/2025,141, 14.86 , 15.12 ,,, -   
12/18/2025,KE9600002878,12/20/2024,12/18/2025,232, 15.21 , 15.48 ,,, -   
3/19/2026,KE9800006877,3/21/2025,3/19/2026,323, 15.63 , 15.91 ,,, -   
,,,,,,,,,
SINGLE STOCK FUTURE (SCBK),,,,,,,,,
6/20/2025,KE9400008984,6/21/2024,6/19/2025,50, 303.60 , 303.65 ,,, -   
9/18/2025,KE9600001433,9/20/2024,9/18/2025,141, 301.65 , 301.70 ,,, -   
12/18/2025,KE9600002985,12/20/2024,12/18/2025,232, 308.70 , 308.80 ,,, -   
3/19/2026,KE9800006984,3/21/2025,3/19/2026,323, 317.25 , 317.35 ,,, -   
,,,,,,,,,
SINGLE STOCK FUTURE (IMHP),,,,,,,,,
6/20/2025,KE9400009099,6/21/2024,6/19/2025,50, 30.46 , 31.48 ,,, -   
9/18/2025,KE9600001540,9/20/2024,9/18/2025,141, 31.07 , 32.11 ,,, -   
12/18/2025,KE9600003090,12/20/2024,12/18/2025,232, 31.80 , 32.86 ,,, -   
3/19/2026,KE9800007099,3/21/2025,3/19/2026,323, 32.67 , 33.77 ,,, -   
,,,,,,,,,
,,,,,,,,,
DERIVATIVES PRICELIST,,,,,,,,,
,,Listing,Expiry,Days to,MTM,Previous,Total Volume,Total,Open Interest
Contract Type,ISIN,Date,Date,Expiry,Price,Price,Contracts,Value,Contracts
,,,,,,,,,May-25
INDEX (N25I),,,,,,,,,
6/19/2025,KE9400007986,6/21/2024,6/19/2025,20," 3,544.00 "," 3,551.00 ",,, -   
9/18/2025,KE9400009214,9/20/2024,9/18/2025,111," 3,572.00 "," 3,579.00 ",,, -   
12/18/2025,KE9600001870,12/20/2024,12/18/2025,202," 3,609.00 "," 3,617.00 ",,, -   
3/19/2026,KE9800005879,3/21/2025,3/19/2026,293," 3,664.00 "," 3,672.00 ",,, -   
,,,,,,,,,
INDEX (25MN),,,,,,,,,
6/19/2025,KE9400007870,6/21/2024,6/19/2025,20," 3,544.00 "," 3,551.00 ",,, -   
9/18/2025,KE9400009107,9/20/2024,9/18/2025,111," 3,572.00 "," 3,579.00 ",,, -   
12/18/2025,KE9600001763,12/20/2024,12/18/2025,202," 3,609.00 "," 3,617.00 ",,, -   
3/19/2026,KE9800005762,3/21/2025,3/19/2026,293," 3,664.00 "," 3,672.00 ",,, -   
,,,,,,,,,
INDEX (10MN),,,,,,,,,
6/19/2025,KE9600003215,6/21/2024,6/19/2025,170," 1,351.00 "," 1,356.00 ",,, -   
9/18/2025,KE9600003322,9/20/2024,9/18/2025,261," 1,362.00 "," 1,367.00 ",,, -   
12/18/2025,KE9600003439,12/20/2024,12/18/2025,352," 1,376.00 "," 1,381.00 ",,, -   
3/19/2026,KE9800005986,3/21/2025,3/19/2026,352," 1,397.00 "," 1,402.00 ",,, -   
,,,,,,,,,
SINGLE STOCK FUTURE (SCOM),,,,,,,,,
6/19/2025,KE9400008109,6/21/2024,6/19/2025,20, 20.70 , 20.76 ,,, 2.00 
9/18/2025,KE9400009438,9/20/2024,9/18/2025,111, 20.45 , 20.51 ,,, 1.00 
12/18/2025,KE9600001987,12/20/2024,12/18/2025,202, 20.90 , 20.96 ,,, -   
3/19/2026,KE9800006109,3/21/2025,3/19/2026,293, 21.46 , 21.52 ,,, -   
,,,,,,,,,
SINGLE STOCK FUTURE (EQTY),,,,,,,,,
6/19/2025,KE9400008323,6/21/2024,6/19/2025,20, 43.26 , 43.63 ,,, -   
9/18/2025,KE9400009768,9/20/2024,9/18/2025,111, 44.11 , 44.49 ,,, -   
12/18/2025,KE9600002100,12/20/2024,12/18/2025,202, 45.09 , 45.47 ,,, -   
3/19/2026,KE9800006323,3/21/2025,3/19/2026,293, 46.28 , 46.68 ,,, -   
,,,,,,,,,
SINGLE STOCK FUTURE (KCBG),,,,,,,,,
6/19/2025,KE9400008216,6/21/2024,6/19/2025,20, 42.31 , 42.47 ,,, -   
9/18/2025,KE9400009545,9/20/2024,9/18/2025,111, 43.14 , 43.31 ,,, -   
12/18/2025,KE9600002092,12/20/2024,12/18/2025,202, 44.09 , 44.27 ,,, -   
3/19/2026,KE9800006216,3/21/2025,3/19/2026,293, 45.26 , 45.44 ,,, -   
,,,,,,,,,
SINGLE STOCK FUTURE (EABL),,,,,,,,,
6/19/2025,KE9400008547,6/21/2024,6/19/2025,20, 180.35 , 183.95 ,,, 2.00 
9/18/2025,KE9400009982,9/20/2024,9/18/2025,111, 183.90 , 187.55 ,,, -   
12/18/2025,KE9600002324,12/20/2024,12/18/2025,202, 188.00 , 191.70 ,,, -   
3/19/2026,KE9800006547,3/21/2025,3/19/2026,293, 192.95 , 196.80 ,,, -   
,,,,,,,,,
SINGLE STOCK FUTURE (BATK),,,,,,,,,
6/19/2025,KE9400008653,6/21/2024,6/19/2025,20, 348.45 , 349.05 ,,, -   
9/18/2025,KE9600001102,9/20/2024,9/18/2025,111, 355.30 , 355.90 ,,, -   
12/18/2025,KE9600002548,12/20/2024,12/18/2025,202, 363.15 , 363.80 ,,, -   
3/19/2026,KE9800006653,3/21/2025,3/19/2026,293, 372.75 , 373.45 ,,, -   
,,,,,,,,,
SINGLE STOCK FUTURE (ABSA),,,,,,,,,
6/19/2025,KE9400008430,6/21/2024,6/19/2025,20, 18.39 , 18.09 ,,, 5.00 
9/18/2025,KE9400009875,9/20/2024,9/18/2025,111, 18.75 , 18.45 ,,, -   
12/18/2025,KE9600002217,12/20/2024,12/18/2025,202, 18.96 , 18.65 ,,, -   
3/19/2026,KE9800006430,3/21/2025,3/19/2026,293, 19.47 , 19.15 ,,, -   
,,,,,,,,,
SINGLE STOCK FUTURE (NCBA),,,,,,,,,
6/20/2025,KE9400008760,6/21/2024,6/19/2025,20, 54.77 , 54.53 ,,, -   
9/18/2025,KE9600001219,9/20/2024,9/18/2025,111, 53.59 , 53.35 ,,, -   
12/18/2025,KE9600002654,12/20/2024,12/18/2025,202, 54.78 , 54.54 ,,, -   
3/19/2026,KE9800006760,3/21/2025,3/19/2026,293, 56.24 , 55.99 ,,, -   
,,,,,,,,,
SINGLE STOCK FUTURE (COOP),,,,,,,,,
6/19/2025,KE9400008877,6/21/2024,6/19/2025,20, 15.58 , 15.58 ,,, -   
9/18/2025,KE9600001326,9/20/2024,9/18/2025,111, 15.88 , 15.89 ,,, -   
12/18/2025,KE9600002878,12/20/2024,12/18/2025,202, 16.23 , 16.24 ,,, -   
3/19/2026,KE9800006877,3/21/2025,3/19/2026,293, 16.66 , 16.67 ,,, -   
,,,,,,,,,
SINGLE STOCK FUTURE (SCBK),,,,,,,,,
6/19/2025,KE9400008984,6/21/2024,6/19/2025,20, 269.80 , 270.15 ,,, -   
9/18/2025,KE9600001433,9/20/2024,9/18/2025,111, 267.10 , 267.45 ,,, -   
12/18/2025,KE9600002985,12/20/2024,12/18/2025,202, 273.05 , 273.40 ,,, -   
3/19/2026,KE9800006984,3/21/2025,3/19/2026,293, 280.30 , 280.65 ,,, -   
,,,,,,,,,
SINGLE STOCK FUTURE (IMHP),,,,,,,,,
6/19/2025,KE9400009099,6/21/2024,6/19/2025,20, 34.17 , 34.18 ,,, -   
9/18/2025,KE9600001540,9/20/2024,9/18/2025,111, 34.84 , 34.85 ,,, -   
12/18/2025,KE9600003090,12/20/2024,12/18/2025,202, 35.61 , 35.62 ,,, -   
3/19/2026,KE9800007099,3/21/2025,3/19/2026,293, 36.55 , 36.57 ,,, -   
,,,,,,,,,
,,,,,,,,,
DERIVATIVES PRICELIST,,,,,,,,,
,,Listing,Expiry,Days to,MTM,Previous,Total Volume,Total,Open Interest
Contract Type,ISIN,Date,Date,Expiry,Price,Price,Contracts,Value,Contracts
,,,,,,,,,Jun-25
INDEX (N25I),,,,,,,,,
9/18/2025,KE9400009214,9/20/2024,9/18/2025,80," 3,968.00 "," 3,940.00 ",,, -   
12/18/2025,KE9600001870,12/20/2024,12/18/2025,171," 4,005.00 "," 3,977.00 ",,, -   
3/19/2026,KE9800005879,3/21/2025,3/19/2026,262," 4,057.00 "," 4,030.00 ",,, -   
6/18/2026,KE9800007545,6/20/2025,6/18/2026,353," 4,125.00 "," 4,097.00 ",,, -   
,,,,,,,,,
INDEX (25MN),,,,,,,,,
9/18/2025,KE9400009107,9/20/2024,9/18/2025,80," 3,968.00 "," 3,940.00 ",,, -   
12/18/2025,KE9600001763,12/20/2024,12/18/2025,171," 4,005.00 "," 3,977.00 ",,, -   
3/19/2026,KE9800005762,3/21/2025,3/19/2026,262," 4,057.00 "," 4,030.00 ",,, -   
6/18/2026,KE9800007438,6/20/2025,6/18/2026,353," 4,125.00 "," 4,097.00 ",,, -   
,,,,,,,,,
INDEX (10MN),,,,,,,,,
9/18/2025,KE9600003322,9/20/2024,9/18/2025,80," 1,528.00 "," 1,492.00 ",,, 1.00 
12/18/2025,KE9600003439,12/20/2024,12/18/2025,171," 1,542.00 "," 1,533.00 ",,, -   
3/19/2026,KE9800005986,3/21/2025,3/19/2026,262," 1,563.00 "," 1,554.00 ",,, -   
6/18/2026,KE9800007768,6/20/2025,6/18/2026,353," 1,589.00 "," 1,580.00 ",,, -   
,,,,,,,,,
SINGLE STOCK FUTURE (SCOM),,,,,,,,,
9/18/2025,KE9400009438,9/20/2024,9/18/2025,80, 26.20 , 24.75 , 1.00 ," 26,200.00 ", 1.00 
12/18/2025,KE9600001987,12/20/2024,12/18/2025,171, 25.29 , 25.26 ,,, -   
3/19/2026,KE9800006109,3/21/2025,3/19/2026,262, 25.91 , 25.88 ,,, -   
6/18/2026,KE9800007875,6/20/2025,6/18/2026,353, 26.62 , 26.59 ,,, -   
,,,,,,,,,
SINGLE STOCK FUTURE (EQTY),,,,,,,,,
9/18/2025,KE9400009768,9/20/2024,9/18/2025,80, 49.76 , 49.74 ,,, -   
12/18/2025,KE9600002100,12/20/2024,12/18/2025,171, 50.79 , 50.77 ,,, -   
3/19/2026,KE9800006323,3/21/2025,3/19/2026,262, 52.03 , 52.02 ,,, -   
6/18/2026,KE9800008097,6/20/2025,6/18/2026,353, 53.45 , 53.45 ,,, -   
,,,,,,,,,
SINGLE STOCK FUTURE (KCBG),,,,,,,,,
9/18/2025,KE9400009545,9/20/2024,9/18/2025,80, 48.70 , 47.35 , 1.00 ," 48,700.00 ", 1.00 
12/18/2025,KE9600002092,12/20/2024,12/18/2025,171, 48.40 , 48.33 ,,, -   
3/19/2026,KE9800006216,3/21/2025,3/19/2026,262, 49.58 , 49.51 ,,, -   
6/18/2026,KE9800007982,6/20/2025,6/18/2026,353, 50.94 , 50.88 ,,, -   
,,,,,,,,,
SINGLE STOCK FUTURE (EABL),,,,,,,,,
9/18/2025,KE9400009982,9/20/2024,9/18/2025,80, 187.75 , 189.35 ,,, -   
12/18/2025,KE9600002324,12/20/2024,12/18/2025,171, 191.60 , 193.30 ,,, -   
3/19/2026,KE9800006547,3/21/2025,3/19/2026,262, 196.25 , 198.05 ,,, -   
6/18/2026,KE9800008212,6/20/2025,6/18/2026,353, 201.65 , 203.50 ,,, -   
,,,,,,,,,
SINGLE STOCK FUTURE (BATK),,,,,,,,,
9/18/2025,KE9600001102,9/20/2024,9/18/2025,80, 367.35 , 360.95 ,,, -   
12/18/2025,KE9600002548,12/20/2024,12/18/2025,171, 374.90 , 368.45 ,,, -   
3/19/2026,KE9800006653,3/21/2025,3/19/2026,262, 384.05 , 377.45 ,,, -   
6/18/2026,KE9800008329,6/20/2025,6/18/2026,353, 394.60 , 387.85 ,,, -   
,,,,,,,,,
SINGLE STOCK FUTURE (ABSA),,,,,,,,,
9/18/2025,KE9400009875,9/20/2024,9/18/2025,80, 19.54 , 19.30 ,,, -   
12/18/2025,KE9600002217,12/20/2024,12/18/2025,171, 19.74 , 19.49 ,,, -   
3/19/2026,KE9800006430,3/21/2025,3/19/2026,262, 20.22 , 19.97 ,,, -   
6/18/2026,KE9800008105,6/20/2025,6/18/2026,353, 20.77 , 20.52 ,,, -   
,,,,,,,,,
SINGLE STOCK FUTURE (NCBA),,,,,,,,,
9/18/2025,KE9600001219,9/20/2024,9/18/2025,80, 58.30 , 57.57 ,,, -   
12/18/2025,KE9600002654,12/20/2024,12/18/2025,171, 59.50 , 58.76 ,,, -   
3/19/2026,KE9800006760,3/21/2025,3/19/2026,262, 60.95 , 60.21 ,,, -   
6/18/2026,KE9800008436,6/20/2025,6/18/2026,353, 62.63 , 61.87 ,,, -   
,,,,,,,,,
SINGLE STOCK FUTURE (COOP),,,,,,,,,
9/18/2025,KE9600001326,9/20/2024,9/18/2025,80, 18.22 , 17.67 ,,, -   
12/18/2025,KE9600002878,12/20/2024,12/18/2025,171, 18.59 , 18.03 ,,, -   
3/19/2026,KE9800006877,3/21/2025,3/19/2026,262, 19.04 , 18.47 ,,, -   
6/18/2026,KE9800008543,6/20/2025,6/18/2026,353, 19.57 , 18.98 ,,, -   
,,,,,,,,,
SINGLE STOCK FUTURE (SCBK),,,,,,,,,
9/18/2025,KE9600001433,9/20/2024,9/18/2025,80, 297.05 , 293.90 ,,, -   
12/18/2025,KE9600002985,12/20/2024,12/18/2025,171, 303.15 , 300.00 ,,, -   
3/19/2026,KE9800006984,3/21/2025,3/19/2026,262, 310.55 , 307.35 ,,, -   
6/18/2026,KE9800008659,6/20/2025,6/18/2026,353, 319.10 , 315.85 ,,, -   
,,,,,,,,,
SINGLE STOCK FUTURE (IMHP),,,,,,,,,
9/18/2025,KE9600001540,9/20/2024,9/18/2025,80, 36.38 , 36.20 ,,, -   
12/18/2025,KE9600003090,12/20/2024,12/18/2025,171, 37.13 , 36.95 ,,, -   
3/19/2026,KE9800007099,3/21/2025,3/19/2026,262, 38.04 , 37.85 ,,, -   
6/18/2026,KE9800008766,6/20/2025,6/18/2026,353, 39.08 , 38.90 ,,, -   
,,,,,,,,,
,,,,,,,,,
DERIVATIVES PRICELIST,,,,,,,,,
,,Listing,Expiry,Days to,MTM,Previous,Total Volume,Total,Open Interest
Contract Type,ISIN,Date,Date,Expiry,Price,Price,Contracts,Value,Contracts
,,,,,,,,,Jul-25
INDEX (N25I),,,,,,,,,
9/18/2025,KE9400009214,9/20/2024,9/18/2025,49," 4,158.00 "," 4,223.00 ",,, -   
12/18/2025,KE9600001870,12/20/2024,12/18/2025,140," 4,191.00 "," 4,257.00 ",,, -   
3/19/2026,KE9800005879,3/21/2025,3/19/2026,231," 4,240.00 "," 4,307.00 ",,, -   
6/18/2026,KE9800007545,6/20/2025,6/18/2026,322," 4,307.00 "," 4,375.00 ",,, -   
,,,,,,,,,
INDEX (25MN),,,,,,,,,
9/18/2025,KE9400009107,9/20/2024,9/18/2025,49," 4,158.00 "," 4,223.00 ",,, -   
12/18/2025,KE9600001763,12/20/2024,12/18/2025,140," 4,191.00 "," 4,257.00 ",,, -   
3/19/2026,KE9800005762,3/21/2025,3/19/2026,231," 4,240.00 "," 4,307.00 ",,, -   
6/18/2026,KE9800007438,6/20/2025,6/18/2026,322," 4,307.00 "," 4,375.00 ",,, -   
,,,,,,,,,
INDEX (10MN),,,,,,,,,
9/18/2025,KE9600003322,9/20/2024,9/18/2025,49," 1,587.00 "," 1,622.00 ",,, 2.00 
12/18/2025,KE9600003439,12/20/2024,12/18/2025,140," 1,600.00 "," 1,635.00 ",,, -   
3/19/2026,KE9800005986,3/21/2025,3/19/2026,231," 1,619.00 "," 1,655.00 ",,, -   
6/18/2026,KE9800007768,6/20/2025,6/18/2026,322," 1,644.00 "," 1,681.00 ",,, -   
,,,,,,,,,
SINGLE STOCK FUTURE (SCOM),,,,,,,,,
9/18/2025,KE9400009438,9/20/2024,9/18/2025,49, 26.20 , 27.45 , 10.00 ," 262,000.00 ", 103.00 
12/18/2025,KE9600001987,12/20/2024,12/18/2025,140, 26.44 , 27.59 ,,, -   
3/19/2026,KE9800006109,3/21/2025,3/19/2026,231, 27.05 , 28.22 ,,, -   
6/18/2026,KE9800007875,6/20/2025,6/18/2026,322, 27.77 , 28.97 ,,, -   
,,,,,,,,,
SINGLE STOCK FUTURE (EQTY),,,,,,,,,
9/18/2025,KE9400009768,9/20/2024,9/18/2025,49, 51.08 , 50.83 ,,, -   
12/18/2025,KE9600002100,12/20/2024,12/18/2025,140, 52.06 , 51.82 ,,, -   
3/19/2026,KE9800006323,3/21/2025,3/19/2026,231, 53.26 , 53.01 ,,, -   
6/18/2026,KE9800008097,6/20/2025,6/18/2026,322, 54.67 , 54.42 ,,, -   
,,,,,,,,,
SINGLE STOCK FUTURE (KCBG),,,,,,,,,
9/18/2025,KE9400009545,9/20/2024,9/18/2025,49, 48.06 , 48.00 , 4.00 ," 192,240.00 ", 25.00 
12/18/2025,KE9600002092,12/20/2024,12/18/2025,140, 48.87 , 48.83 ,,, -   
3/19/2026,KE9800006216,3/21/2025,3/19/2026,231, 49.99 , 49.95 ,,, -   
6/18/2026,KE9800007982,6/20/2025,6/18/2026,322, 51.32 , 51.28 ,,, -   
,,,,,,,,,
SINGLE STOCK FUTURE (EABL),,,,,,,,,
9/18/2025,KE9400009982,9/20/2024,9/18/2025,49, 213.15 , 228.60 ,,, 2.00 
12/18/2025,KE9600002324,12/20/2024,12/18/2025,140, 217.25 , 233.05 ,,, -   
3/19/2026,KE9800006547,3/21/2025,3/19/2026,231, 222.25 , 238.40 ,,, -   
6/18/2026,KE9800008212,6/20/2025,6/18/2026,322, 228.15 , 244.75 ,,, -   
,,,,,,,,,
SINGLE STOCK FUTURE (BATK),,,,,,,,,
9/18/2025,KE9600001102,9/20/2024,9/18/2025,49, 404.80 , 406.65 ,,, -   
12/18/2025,KE9600002548,12/20/2024,12/18/2025,140, 412.65 , 414.55 ,,, -   
3/19/2026,KE9800006653,3/21/2025,3/19/2026,231, 422.10 , 424.05 ,,, -   
6/18/2026,KE9800008329,6/20/2025,6/18/2026,322, 433.30 , 435.35 ,,, -   
,,,,,,,,,
SINGLE STOCK FUTURE (ABSA),,,,,,,,,
9/18/2025,KE9400009875,9/20/2024,9/18/2025,49, 19.72 , 19.73 ,,, 2.00 
12/18/2025,KE9600002217,12/20/2024,12/18/2025,140, 19.90 , 19.90 ,,, -   
3/19/2026,KE9800006430,3/21/2025,3/19/2026,231, 20.36 , 20.36 ,,, -   
6/18/2026,KE9800008105,6/20/2025,6/18/2026,322, 20.90 , 20.90 ,,, -   
,,,,,,,,,
SINGLE STOCK FUTURE (NCBA),,,,,,,,,
9/18/2025,KE9600001219,9/20/2024,9/18/2025,49, 64.75 , 64.51 ,,, 2.00 
12/18/2025,KE9600002654,12/20/2024,12/18/2025,140, 66.00 , 65.76 ,,, -   
3/19/2026,KE9800006760,3/21/2025,3/19/2026,231, 67.52 , 67.27 ,,, -   
6/18/2026,KE9800008436,6/20/2025,6/18/2026,322, 69.31 , 69.07 ,,, -   
,,,,,,,,,
SINGLE STOCK FUTURE (COOP),,,,,,,,,
9/18/2025,KE9600001326,9/20/2024,9/18/2025,49, 17.19 , 17.20 ,,, 26.00 
12/18/2025,KE9600002878,12/20/2024,12/18/2025,140, 17.53 , 17.53 ,,, -   
3/19/2026,KE9800006877,3/21/2025,3/19/2026,231, 17.93 , 17.93 ,,, -   
6/18/2026,KE9800008543,6/20/2025,6/18/2026,322, 18.41 , 18.41 ,,, -   
,,,,,,,,,
SINGLE STOCK FUTURE (SCBK),,,,,,,,,
9/18/2025,KE9600001433,9/20/2024,9/18/2025,49, 311.85 , 310.65 ,,, -   
12/18/2025,KE9600002985,12/20/2024,12/18/2025,140, 317.85 , 316.65 ,,, -   
3/19/2026,KE9800006984,3/21/2025,3/19/2026,231, 325.15 , 323.95 ,,, -   
6/18/2026,KE9800008659,6/20/2025,6/18/2026,322, 333.80 , 332.55 ,,, -   
,,,,,,,,,
SINGLE STOCK FUTURE (IMHP),,,,,,,,,
9/18/2025,KE9600001540,9/20/2024,9/18/2025,49, 37.07 , 37.38 ,,, -   
12/18/2025,KE9600003090,12/20/2024,12/18/2025,140, 37.79 , 38.10 ,,, -   
3/19/2026,KE9800007099,3/21/2025,3/19/2026,231, 38.65 , 38.98 ,,, -   
6/18/2026,KE9800008766,6/20/2025,6/18/2026,322, 39.68 , 40.02 ,,, -   
,,,,,,,,,
,,,,,,,,,
DERIVATIVES PRICELIST,,,,,,,,,
,,Listing,Expiry,Days to,MTM,Previous,Total Volume,Total,Open Interest
Contract Type,ISIN,Date,Date,Expiry,Price,Price,Contracts,Value,Contracts
,,,,,,,,,Aug-25
INDEX (N25I),,,,,,,,,
9/18/2025,KE9400009214,9/20/2024,9/18/2025,20," 4,454.00 "," 4,444.00 ",,, -   
12/18/2025,KE9600001870,12/20/2024,12/18/2025,111," 4,487.00 "," 4,477.00 ",,, -   
3/19/2026,KE9800005879,3/21/2025,3/19/2026,202," 4,528.00 "," 4,518.00 ",,, -   
6/18/2026,KE9800007545,6/20/2025,6/18/2026,293," 4,595.00 "," 4,585.00 ",,, -   
,,,,,,,,,
INDEX (25MN),,,,,,,,,
9/18/2025,KE9400009107,9/20/2024,9/18/2025,20," 4,454.00 "," 4,444.00 ",,, -   
12/18/2025,KE9600001763,12/20/2024,12/18/2025,111," 4,487.00 "," 4,477.00 ",,, -   
3/19/2026,KE9800005762,3/21/2025,3/19/2026,202," 4,528.00 "," 4,518.00 ",,, -   
6/18/2026,KE9800007438,6/20/2025,6/18/2026,293," 4,595.00 "," 4,585.00 ",,, -   
,,,,,,,,,
INDEX (10MN),,,,,,,,,
9/18/2025,KE9600003322,9/20/2024,9/18/2025,20," 1,714.00 "," 1,750.00 ",,, -   
12/18/2025,KE9600003439,12/20/2024,12/18/2025,111," 1,726.00 "," 1,723.00 ",,, -   
3/19/2026,KE9800005986,3/21/2025,3/19/2026,202," 1,742.00 "," 1,739.00 ",,, -   
6/18/2026,KE9800007768,6/20/2025,6/18/2026,293," 1,768.00 "," 1,764.00 ",,, -   
,,,,,,,,,
SINGLE STOCK FUTURE (SCOM),,,,,,,,,
9/18/2025,KE9400009438,9/20/2024,9/18/2025,20, 28.74 , 28.69 ,,, 24.00 
12/18/2025,KE9600001987,12/20/2024,12/18/2025,111, 29.28 , 29.23 ,,, 1.00 
3/19/2026,KE9800006109,3/21/2025,3/19/2026,202, 29.88 , 29.84 ,,, -   
6/18/2026,KE9800007875,6/20/2025,6/18/2026,293, 30.64 , 30.60 ,,, -   
,,,,,,,,,
SINGLE STOCK FUTURE (EQTY),,,,,,,,,
9/18/2025,KE9400009768,9/20/2024,9/18/2025,20, 56.27 , 56.28 ,,, -   
12/18/2025,KE9600002100,12/20/2024,12/18/2025,111, 57.33 , 57.34 ,,, -   
3/19/2026,KE9800006323,3/21/2025,3/19/2026,202, 58.50 , 58.52 ,,, -   
6/18/2026,KE9800008097,6/20/2025,6/18/2026,293, 60.00 , 60.02 ,,, -   
,,,,,,,,,
SINGLE STOCK FUTURE (KCBG),,,,,,,,,
9/18/2025,KE9400009545,9/20/2024,9/18/2025,20, 54.51 , 54.27 ,,, 1.00 
12/18/2025,KE9600002092,12/20/2024,12/18/2025,111, 55.54 , 55.29 ,,, -   
3/19/2026,KE9800006216,3/21/2025,3/19/2026,202, 56.67 , 56.43 ,,, -   
6/18/2026,KE9800007982,6/20/2025,6/18/2026,293, 58.13 , 57.88 ,,, -   
,,,,,,,,,
SINGLE STOCK FUTURE (EABL),,,,,,,,,
9/18/2025,KE9400009982,9/20/2024,9/18/2025,20, 209.30 , 211.35 ,,, 51.00 
12/18/2025,KE9600002324,12/20/2024,12/18/2025,111, 213.20 , 215.30 ,,, -   
3/19/2026,KE9800006547,3/21/2025,3/19/2026,202, 217.55 , 219.75 ,,, -   
6/18/2026,KE9800008212,6/20/2025,6/18/2026,293, 223.15 , 225.40 ,,, -   
,,,,,,,,,
SINGLE STOCK FUTURE (BATK),,,,,,,,,
9/18/2025,KE9600001102,9/20/2024,9/18/2025,20, 429.30 , 442.45 ,,, -   
12/18/2025,KE9600002548,12/20/2024,12/18/2025,111, 437.35 , 450.75 ,,, -   
3/19/2026,KE9800006653,3/21/2025,3/19/2026,202, 446.30 , 460.05 ,,, -   
6/18/2026,KE9800008329,6/20/2025,6/18/2026,293, 457.75 , 471.85 ,,, -   
,,,,,,,,,
SINGLE STOCK FUTURE (ABSA),,,,,,,,,
9/18/2025,KE9400009875,9/20/2024,9/18/2025,20, 20.20 , 20.10 ,,, 3.00 
12/18/2025,KE9600002217,12/20/2024,12/18/2025,111, 20.37 , 20.28 ,,, -   
3/19/2026,KE9800006430,3/21/2025,3/19/2026,202, 20.79 , 20.69 ,,, -   
6/18/2026,KE9800008105,6/20/2025,6/18/2026,293, 21.32 , 21.22 ,,, -   
,,,,,,,,,
SINGLE STOCK FUTURE (NCBA),,,,,,,,,
9/18/2025,KE9600001219,9/20/2024,9/18/2025,20, 62.31 , 61.06 ,,, -   
12/18/2025,KE9600002654,12/20/2024,12/18/2025,111, 63.48 , 62.21 ,,, -   
3/19/2026,KE9800006760,3/21/2025,3/19/2026,202, 64.78 , 63.49 ,,, -   
6/18/2026,KE9800008436,6/20/2025,6/18/2026,293, 66.44 , 65.12 ,,, -   
,,,,,,,,,
SINGLE STOCK FUTURE (COOP),,,,,,,,,
9/18/2025,KE9600001326,9/20/2024,9/18/2025,20, 17.89 , 17.74 ,,, 1.00 
12/18/2025,KE9600002878,12/20/2024,12/18/2025,111, 18.22 , 18.07 ,,, -   
3/19/2026,KE9800006877,3/21/2025,3/19/2026,202, 18.60 , 18.45 ,,, -   
6/18/2026,KE9800008543,6/20/2025,6/18/2026,293, 19.07 , 18.92 ,,, -   
,,,,,,,,,
SINGLE STOCK FUTURE (SCBK),,,,,,,,,
9/18/2025,KE9600001433,9/20/2024,9/18/2025,20, 313.55 , 311.60 ,,, -   
12/18/2025,KE9600002985,12/20/2024,12/18/2025,111, 319.40 , 317.45 ,,, -   
3/19/2026,KE9800006984,3/21/2025,3/19/2026,202, 325.95 , 324.00 ,,, -   
6/18/2026,KE9800008659,6/20/2025,6/18/2026,293, 334.30 , 332.30 ,,, -   
,,,,,,,,,
SINGLE STOCK FUTURE (IMHP),,,,,,,,,
9/18/2025,KE9600001540,9/20/2024,9/18/2025,20, 38.84 , 38.59 ,,, -   
12/18/2025,KE9600003090,12/20/2024,12/18/2025,111, 39.57 , 39.32 ,,, -   
3/19/2026,KE9800007099,3/21/2025,3/19/2026,202, 40.38 , 40.13 ,,, -   
6/18/2026,KE9800008766,6/20/2025,6/18/2026,293, 41.41 , 41.16 ,,, -   
,,,,,,,,,
,,,,,,,,,
DERIVATIVES PRICELIST,,,,,,,,,
,,Listing,Expiry,Days to,MTM,Previous,Total Volume,Total,Open Interest
Contract Type,ISIN,Date,Date,Expiry,Price,Price,Contracts,Value,Contracts
,,,,,,,,,Sep-25
INDEX (N25I),,,,,,,,,
12/18/2025,KE9600001870,12/20/2024,12/18/2025,79," 4,630.00 "," 4,630.00 ",,, -   
3/19/2026,KE9800005879,3/21/2025,3/19/2026,170," 4,694.00 "," 4,682.00 ",,, -   
6/18/2026,KE9800007545,6/20/2025,6/18/2026,261," 4,754.00 "," 4,743.00 ",,, -   
9/17/2026,KE9900001547,9/19/2025,9/17/2026,352," 4,836.00 "," 4,825.00 ",,, -   
,,,,,,,,,
INDEX (25MN),,,,,,,,,
12/18/2025,KE9600001763,12/20/2024,12/18/2025,79," 4,630.00 "," 4,630.00 ",,, 5.00 
3/19/2026,KE9800005762,3/21/2025,3/19/2026,170," 4,694.00 "," 4,682.00 ",,, -   
6/18/2026,KE9800007438,6/20/2025,6/18/2026,261," 4,754.00 "," 4,743.00 ",,, -   
9/17/2026,KE9900001430,9/19/2025,9/17/2026,352," 4,836.00 "," 4,825.00 ",,, -   
,,,,,,,,,
INDEX (10MN),,,,,,,,,
12/18/2025,KE9600003439,12/20/2024,12/18/2025,79," 1,796.00 "," 1,790.00 ",,, -   
3/19/2026,KE9800005986,3/21/2025,3/19/2026,170," 1,810.00 "," 1,804.00 ",,, -   
6/18/2026,KE9800007768,6/20/2025,6/18/2026,261," 1,833.00 "," 1,827.00 ",,, -   
9/17/2026,KE9900001653,9/19/2025,9/17/2026,352," 1,865.00 "," 1,859.00 ",,, -   
,,,,,,,,,
SINGLE STOCK FUTURE (SCOM),,,,,,,,,
12/18/2025,KE9600001987,12/20/2024,12/18/2025,79, 28.95 , 29.50 , 10.00 ," 289,500.00 ", 116.00 
3/19/2026,KE9800006109,3/21/2025,3/19/2026,170, 29.95 , 30.06 ,,, -   
6/18/2026,KE9800007875,6/20/2025,6/18/2026,261, 30.67 , 30.78 ,,, -   
9/17/2026,KE9900001760,9/19/2025,9/17/2026,352, 31.52 , 31.64 ,,, -   
,,,,,,,,,
SINGLE STOCK FUTURE (EQTY),,,,,,,,,
12/18/2025,KE9600002100,12/20/2024,12/18/2025,79, 58.99 , 58.74 ,,, -   
3/19/2026,KE9800006323,3/21/2025,3/19/2026,170, 60.11 , 59.86 ,,, -   
6/18/2026,KE9800008097,6/20/2025,6/18/2026,261, 61.55 , 61.30 ,,, -   
9/17/2026,KE9900001984,9/19/2025,9/17/2026,352, 63.27 , 63.01 ,,, -   
,,,,,,,,,
SINGLE STOCK FUTURE (KCBG),,,,,,,,,
12/18/2025,KE9600002092,12/20/2024,12/18/2025,79, 56.12 , 57.30 , 5.00 ," 280,600.00 ", -   
3/19/2026,KE9800006216,3/21/2025,3/19/2026,170, 58.81 , 58.83 ,,, -   
6/18/2026,KE9800007982,6/20/2025,6/18/2026,261, 60.22 , 60.24 ,,, -   
9/17/2026,KE9900001877,9/19/2025,9/17/2026,352, 61.90 , 61.92 ,,, -   
,,,,,,,,,
SINGLE STOCK FUTURE (EABL),,,,,,,,,
12/18/2025,KE9600002324,12/20/2024,12/18/2025,79, 214.60 , 217.65 ,,, -   
3/19/2026,KE9800006547,3/21/2025,3/19/2026,170, 218.65 , 221.80 ,,, -   
6/18/2026,KE9800008212,6/20/2025,6/18/2026,261, 223.90 , 227.15 ,,, -   
9/17/2026,KE9900002107,9/19/2025,9/17/2026,352, 230.15 , 233.50 ,,, -   
,,,,,,,,,
SINGLE STOCK FUTURE (BATK),,,,,,,,,
12/18/2025,KE9600002548,12/20/2024,12/18/2025,79, 434.75 , 435.35 ,,, -   
3/19/2026,KE9800006653,3/21/2025,3/19/2026,170, 443.05 , 443.65 ,,, -   
6/18/2026,KE9800008329,6/20/2025,6/18/2026,261, 453.65 , 454.30 ,,, -   
9/17/2026,KE9900002214,9/19/2025,9/17/2026,352, 466.30 , 467.00 ,,, -   
,,,,,,,,,
SINGLE STOCK FUTURE (ABSA),,,,,,,,,
12/18/2025,KE9600002217,12/20/2024,12/18/2025,79, 21.49 , 21.11 , 5.00 ," 107,450.00 ", 2.00 
3/19/2026,KE9800006430,3/21/2025,3/19/2026,170, 22.28 , 21.51 ,,, -   
6/18/2026,KE9800008105,6/20/2025,6/18/2026,261, 22.82 , 22.03 ,,, -   
9/17/2026,KE9900002099,9/19/2025,9/17/2026,352, 23.45 , 22.64 ,,, -   
,,,,,,,,,
SINGLE STOCK FUTURE (NCBA),,,,,,,,,
12/18/2025,KE9600002654,12/20/2024,12/18/2025,79, 70.18 , 70.44 ,,, -   
3/19/2026,KE9800006760,3/21/2025,3/19/2026,170, 71.51 , 71.79 ,,, -   
6/18/2026,KE9800008436,6/20/2025,6/18/2026,261, 73.22 , 73.51 ,,, -   
9/17/2026,KE9900002438,9/19/2025,9/17/2026,352, 75.27 , 75.56 ,,, -   
,,,,,,,,,
SINGLE STOCK FUTURE (COOP),,,,,,,,,
12/18/2025,KE9600002878,12/20/2024,12/18/2025,79, 21.76 , 21.40 ,,, -   
3/19/2026,KE9800006877,3/21/2025,3/19/2026,170, 22.18 , 21.72 ,,, -   
6/18/2026,KE9800008543,6/20/2025,6/18/2026,261, 22.71 , 22.24 ,,, -   
9/17/2026,KE9900002545,9/19/2025,9/17/2026,352, 23.34 , 22.86 ,,, -   
,,,,,,,,,
SINGLE STOCK FUTURE (SCBK),,,,,,,,,
12/18/2025,KE9600002985,12/20/2024,12/18/2025,79, 288.80 , 289.65 ,,, -   
3/19/2026,KE9800006984,3/21/2025,3/19/2026,170, 294.30 , 295.15 ,,, -   
6/18/2026,KE9800008659,6/20/2025,6/18/2026,261, 301.35 , 302.25 ,,, -   
9/17/2026,KE9900002768,9/19/2025,9/17/2026,352, 309.75 , 310.70 ,,, -   
,,,,,,,,,
SINGLE STOCK FUTURE (IMHP),,,,,,,,,
12/18/2025,KE9600003090,12/20/2024,12/18/2025,79, 43.73 , 43.74 ,,, -   
3/19/2026,KE9800007099,3/21/2025,3/19/2026,170, 44.56 , 44.57 ,,, -   
6/18/2026,KE9800008766,6/20/2025,6/18/2026,261, 45.63 , 45.64 ,,, -   
9/17/2026,KE9900002875,9/19/2025,9/17/2026,352, 46.90 , 46.92 ,,, -   
,,,,,,,,,
,,,,,,,,,
DERIVATIVES PRICELIST,,,,,,,,,
,,Listing,Expiry,Days to,MTM,Previous,Total Volume,Total,Open Interest
Contract Type,ISIN,Date,Date,Expiry,Price,Price,Contracts,Value,Contracts
,,,,,,,,,Oct-25
INDEX (N25I),,,,,,,,,
12/18/2025,KE9600001870,12/20/2024,12/18/2025,48," 4,630.00 "," 4,630.00 ",,, -   
3/19/2026,KE9800005879,3/21/2025,3/19/2026,139," 5,057.00 "," 4,959.00 ",,, -   
6/18/2026,KE9800007545,6/20/2025,6/18/2026,230," 5,110.00 "," 5,010.00 ",,, -   
9/17/2026,KE9900001547,9/19/2025,9/17/2026,321," 5,187.00 "," 5,086.00 ",,, -   
,,,,,,,,,
INDEX (25MN),,,,,,,,,
12/18/2025,KE9600001763,12/20/2024,12/18/2025,48," 4,630.00 "," 4,630.00 ",,, -   
3/19/2026,KE9800005762,3/21/2025,3/19/2026,139," 5,057.00 "," 4,959.00 ",,, -   
6/18/2026,KE9800007438,6/20/2025,6/18/2026,230," 5,110.00 "," 5,010.00 ",,, -   
9/17/2026,KE9900001430,9/19/2025,9/17/2026,321," 5,187.00 "," 5,086.00 ",,, -   
,,,,,,,,,
INDEX (10MN),,,,,,,,,
12/18/2025,KE9600003439,12/20/2024,12/18/2025,48," 1,877.00 "," 1,858.00 ", 5.00 ," 93,850.00 ", -   
3/19/2026,KE9800005986,3/21/2025,3/19/2026,139," 1,933.00 "," 1,900.00 ",,, -   
6/18/2026,KE9800007768,6/20/2025,6/18/2026,230," 1,953.00 "," 1,919.00 ",,, -   
9/17/2026,KE9900001653,9/19/2025,9/17/2026,321," 1,983.00 "," 1,948.00 ",,, -   
,,,,,,,,,
SINGLE STOCK FUTURE (SCOM),,,,,,,,,
12/18/2025,KE9600001987,12/20/2024,12/18/2025,48, 29.90 , 29.87 , 585.00 ," 1,749,250.00 ", 506.00 
3/19/2026,KE9800006109,3/21/2025,3/19/2026,139, 31.13 , 30.42 ,,, -   
6/18/2026,KE9800007875,6/20/2025,6/18/2026,230, 31.80 , 31.07 ,,, -   
9/17/2026,KE9900001760,9/19/2025,9/17/2026,321, 32.63 , 31.89 ,,, -   
,,,,,,,,,
SINGLE STOCK FUTURE (EQTY),,,,,,,,,
12/18/2025,KE9600002100,12/20/2024,12/18/2025,48, 66.96 , 64.50 ,,, -   
3/19/2026,KE9800006323,3/21/2025,3/19/2026,139, 68.19 , 65.37 ,,, -   
6/18/2026,KE9800008097,6/20/2025,6/18/2026,230, 69.66 , 66.77 ,,, -   
9/17/2026,KE9900001984,9/19/2025,9/17/2026,321, 71.47 , 68.52 ,,, -   
,,,,,,,,,
SINGLE STOCK FUTURE (KCBG),,,,,,,,,
12/18/2025,KE9600002092,12/20/2024,12/18/2025,48, 59.00 , 61.00 , 150.00 ," 885,000.00 ", 600.00 
3/19/2026,KE9800006216,3/21/2025,3/19/2026,139, 63.30 , 62.54 ,,, -   
6/18/2026,KE9800007982,6/20/2025,6/18/2026,230, 64.66 , 63.88 ,,, -   
9/17/2026,KE9900001877,9/19/2025,9/17/2026,321, 66.34 , 65.55 ,,, -   
,,,,,,,,,
SINGLE STOCK FUTURE (EABL),,,,,,,,,
12/18/2025,KE9600002324,12/20/2024,12/18/2025,48, 234.25 , 233.75 ,,, 51.00 
3/19/2026,KE9800006547,3/21/2025,3/19/2026,139, 238.50 , 238.05 ,,, -   
6/18/2026,KE9800008212,6/20/2025,6/18/2026,230, 243.65 , 243.15 ,,, -   
9/17/2026,KE9900002107,9/19/2025,9/17/2026,321, 250.00 , 249.50 ,,, -   
,,,,,,,,,
SINGLE STOCK FUTURE (BATK),,,,,,,,,
12/18/2025,KE9600002548,12/20/2024,12/18/2025,48, 454.60 , 454.90 ,,, -   
3/19/2026,KE9800006653,3/21/2025,3/19/2026,139, 462.85 , 463.20 ,,, -   
6/18/2026,KE9800008329,6/20/2025,6/18/2026,230, 472.85 , 473.15 ,,, -   
9/17/2026,KE9900002214,9/19/2025,9/17/2026,321, 485.15 , 485.55 ,,, -   
,,,,,,,,,
SINGLE STOCK FUTURE (ABSA),,,,,,,,,
12/18/2025,KE9600002217,12/20/2024,12/18/2025,48, 23.25 , 23.15 ,,, 2.00 
3/19/2026,KE9800006430,3/21/2025,3/19/2026,139, 23.67 , 23.57 ,,, -   
6/18/2026,KE9800008105,6/20/2025,6/18/2026,230, 24.18 , 24.08 ,,, -   
9/17/2026,KE9900002099,9/19/2025,9/17/2026,321, 24.81 , 24.71 ,,, -   
,,,,,,,,,
SINGLE STOCK FUTURE (NCBA),,,,,,,,,
12/18/2025,KE9600002654,12/20/2024,12/18/2025,48, 88.95 , 81.00 ,,, 5.00 
3/19/2026,KE9800006760,3/21/2025,3/19/2026,139, 90.57 , 83.90 ,,, -   
6/18/2026,KE9800008436,6/20/2025,6/18/2026,230, 92.52 , 85.70 ,,, -   
9/17/2026,KE9900002438,9/19/2025,9/17/2026,321, 94.93 , 87.94 ,,, -   
,,,,,,,,,
SINGLE STOCK FUTURE (COOP),,,,,,,,,
12/18/2025,KE9600002878,12/20/2024,12/18/2025,48, 21.30 , 21.21 , 300.00 ," 639,000.00 ", 500.00 
3/19/2026,KE9800006877,3/21/2025,3/19/2026,139, 21.72 , 21.62 ,,, -   
6/18/2026,KE9800008543,6/20/2025,6/18/2026,230, 22.18 , 22.08 ,,, -   
9/17/2026,KE9900002545,9/19/2025,9/17/2026,321, 22.76 , 22.66 ,,, -   
,,,,,,,,,
SINGLE STOCK FUTURE (SCBK),,,,,,,,,
12/18/2025,KE9600002985,12/20/2024,12/18/2025,48, 308.00 , 311.35 , 1.00 ," 3,080.00 ", 1.00 
3/19/2026,KE9800006984,3/21/2025,3/19/2026,139, 311.85 , 317.05 ,,, -   
6/18/2026,KE9800008659,6/20/2025,6/18/2026,230, 318.55 , 323.85 ,,, -   
9/17/2026,KE9900002768,9/19/2025,9/17/2026,321, 326.85 , 332.30 ,,, -   
,,,,,,,,,
SINGLE STOCK FUTURE (IMHP),,,,,,,,,
12/18/2025,KE9600003090,12/20/2024,12/18/2025,48, 44.37 , 44.28 ,,, -   
3/19/2026,KE9800007099,3/21/2025,3/19/2026,139, 45.18 , 45.09 ,,, -   
6/18/2026,KE9800008766,6/20/2025,6/18/2026,230, 46.16 , 46.06 ,,, -   
9/17/2026,KE9900002875,9/19/2025,9/17/2026,321, 47.36 , 47.26 ,,, -   
,,,,,,,,,
,,,,,,,,,
DERIVATIVES PRICELIST,,,,,,,,,
,,Listing,Expiry,Days to,MTM,Previous,Total Volume,Total,Open Interest
Contract Type,ISIN,Date,Date,Expiry,Price,Price,Contracts,Value,Contracts
,,,,,,,,,Nov-25
INDEX (N25I),,,,,,,,,
12/18/2025,KE9600001870,12/20/2024,12/18/2025,20," 4,630.00 "," 4,630.00 ",,, -   
3/19/2026,KE9800005879,3/21/2025,3/19/2026,111," 4,865.00 "," 4,853.00 ",,, -   
6/18/2026,KE9800007545,6/20/2025,6/18/2026,202," 4,907.00 "," 4,895.00 ",,, -   
9/17/2026,KE9900001547,9/19/2025,9/17/2026,293," 4,977.00 "," 4,966.00 ",,, -   
,,,,,,,,,
INDEX (25MN),,,,,,,,,
12/18/2025,KE9600001763,12/20/2024,12/18/2025,20," 4,630.00 "," 4,630.00 ",,, -   
3/19/2026,KE9800005762,3/21/2025,3/19/2026,111," 4,865.00 "," 4,853.00 ",,, -   
6/18/2026,KE9800007438,6/20/2025,6/18/2026,202," 4,907.00 "," 4,895.00 ",,, -   
9/17/2026,KE9900001430,9/19/2025,9/17/2026,293," 4,977.00 "," 4,966.00 ",,, -   
,,,,,,,,,
INDEX (10MN),,,,,,,,,
12/18/2025,KE9600003439,12/20/2024,12/18/2025,20," 1,853.00 "," 1,848.00 ",,, -   
3/19/2026,KE9800005986,3/21/2025,3/19/2026,111," 1,866.00 "," 1,861.00 ",,, -   
6/18/2026,KE9800007768,6/20/2025,6/18/2026,202," 1,882.00 "," 1,877.00 ",,, -   
9/17/2026,KE9900001653,9/19/2025,9/17/2026,293," 1,909.00 "," 1,904.00 ",,, -   
,,,,,,,,,
SINGLE STOCK FUTURE (SCOM),,,,,,,,,
12/18/2025,KE9600001987,12/20/2024,12/18/2025,20, 28.88 , 28.79 ,,," 2,036.00 "
3/19/2026,KE9800006109,3/21/2025,3/19/2026,111, 29.41 , 29.32 ,,, -   
6/18/2026,KE9800007875,6/20/2025,6/18/2026,202, 30.00 , 29.90 ,,, 40.00 
9/17/2026,KE9900001760,9/19/2025,9/17/2026,293, 30.76 , 30.66 ,,, -   
,,,,,,,,,
SINGLE STOCK FUTURE (EQTY),,,,,,,,,
12/18/2025,KE9600002100,12/20/2024,12/18/2025,20, 63.04 , 63.06 ,,, 250.00 
3/19/2026,KE9800006323,3/21/2025,3/19/2026,111, 64.20 , 64.21 ,,, -   
6/18/2026,KE9800008097,6/20/2025,6/18/2026,202, 65.47 , 65.48 ,,, -   
9/17/2026,KE9900001984,9/19/2025,9/17/2026,293, 67.13 , 67.14 ,,, -   
,,,,,,,,,
SINGLE STOCK FUTURE (KCBG),,,,,,,,,
12/18/2025,KE9600002092,12/20/2024,12/18/2025,20, 59.03 , 60.26 ,,, 970.00 
3/19/2026,KE9800006216,3/21/2025,3/19/2026,111, 60.10 , 60.90 ,,, 200.00 
6/18/2026,KE9800007982,6/20/2025,6/18/2026,202, 61.30 , 61.83 ,,, -   
9/17/2026,KE9900001877,9/19/2025,9/17/2026,293, 62.85 , 63.40 ,,, -   
,,,,,,,,,
SINGLE STOCK FUTURE (EABL),,,,,,,,,
12/18/2025,KE9600002324,12/20/2024,12/18/2025,20, 222.50 , 226.35 ,,, 1.00 
3/19/2026,KE9800006547,3/21/2025,3/19/2026,111, 226.60 , 230.45 ,,, -   
6/18/2026,KE9800008212,6/20/2025,6/18/2026,202, 231.10 , 235.05 ,,, -   
9/17/2026,KE9900002107,9/19/2025,9/17/2026,293, 236.95 , 241.00 ,,, -   
,,,,,,,,,
SINGLE STOCK FUTURE (BATK),,,,,,,,,
12/18/2025,KE9600002548,12/20/2024,12/18/2025,20, 441.80 , 441.90 ,,, -   
3/19/2026,KE9800006653,3/21/2025,3/19/2026,111, 449.85 , 449.95 ,,, -   
6/18/2026,KE9800008329,6/20/2025,6/18/2026,202, 458.80 , 458.90 ,,, -   
9/17/2026,KE9900002214,9/19/2025,9/17/2026,293, 470.40 , 470.50 ,,, -   
,,,,,,,,,
SINGLE STOCK FUTURE (ABSA),,,,,,,,,
12/18/2025,KE9600002217,12/20/2024,12/18/2025,20, 21.95 , 22.26 ,,, 2.00 
3/19/2026,KE9800006430,3/21/2025,3/19/2026,111, 22.35 , 22.67 ,,, -   
6/18/2026,KE9800008105,6/20/2025,6/18/2026,202, 22.80 , 23.11 ,,, -   
9/17/2026,KE9900002099,9/19/2025,9/17/2026,293, 23.37 , 23.70 ,,, -   
,,,,,,,,,
SINGLE STOCK FUTURE (NCBA),,,,,,,,,
12/18/2025,KE9600002654,12/20/2024,12/18/2025,20, 83.39 , 83.41 ,,, -   
3/19/2026,KE9800006760,3/21/2025,3/19/2026,111, 84.91 , 84.93 ,,, -   
6/18/2026,KE9800008436,6/20/2025,6/18/2026,202, 86.60 , 86.61 ,,, -   
9/17/2026,KE9900002438,9/19/2025,9/17/2026,293, 88.79 , 88.81 ,,, -   
,,,,,,,,,
SINGLE STOCK FUTURE (COOP),,,,,,,,,
12/18/2025,KE9600002878,12/20/2024,12/18/2025,20, 23.01 , 21.76 ,,, 20.00 
3/19/2026,KE9800006877,3/21/2025,3/19/2026,111, 23.43 , 22.15 ,,, -   
6/18/2026,KE9800008543,6/20/2025,6/18/2026,202, 23.89 , 22.59 ,,, -   
9/17/2026,KE9900002545,9/19/2025,9/17/2026,293, 24.50 , 23.17 ,,, -   
,,,,,,,,,
SINGLE STOCK FUTURE (SCBK),,,,,,,,,
12/18/2025,KE9600002985,12/20/2024,12/18/2025,20, 288.85 , 288.40 ,,, 1.00 
3/19/2026,KE9800006984,3/21/2025,3/19/2026,111, 294.10 , 293.65 ,,, -   
6/18/2026,KE9800008659,6/20/2025,6/18/2026,202, 299.95 , 299.50 ,,, -   
9/17/2026,KE9900002768,9/19/2025,9/17/2026,293, 307.55 , 307.05 ,,, -   
,,,,,,,,,
SINGLE STOCK FUTURE (IMHP),,,,,,,,,
12/18/2025,KE9600003090,12/20/2024,12/18/2025,20, 43.76 , 43.76 , 1.00 ," 4,376.00 ", 526.00 
3/19/2026,KE9800007099,3/21/2025,3/19/2026,111, 44.56 , 44.56 ,,, -   
6/18/2026,KE9800008766,6/20/2025,6/18/2026,202, 45.80 , 45.45 ,,, -   
9/17/2026,KE9900002875,9/19/2025,9/17/2026,293, 46.96 , 46.60 ,,, -   
,,,,,,,,,
,,,,,,,,,
DERIVATIVES PRICELIST,,,,,,,,,
,,Listing,Expiry,Days to,MTM,Previous,Total Volume,Total,Open Interest
Contract Type,ISIN,Date,Date,Expiry,Price,Price,Contracts,Value,Contracts
,,,,,,,,,12/9/2025
INDEX (N25I),,,,,,,,,
12/18/2025,KE9600001870,12/20/2024,12/18/2025,9," 4,630.00 "," 4,630.00 ",,, -   
3/19/2026,KE9800005879,3/21/2025,3/19/2026,100," 4,765.00 "," 4,805.00 ",,, -   
6/18/2026,KE9800007545,6/20/2025,6/18/2026,191," 4,803.00 "," 4,844.00 ",,, -   
9/17/2026,KE9900001547,9/19/2025,9/17/2026,282," 4,870.00 "," 4,911.00 ",,, -   
,,,,,,,,,
INDEX (25MN),,,,,,,,,
12/18/2025,KE9600001763,12/20/2024,12/18/2025,9," 4,630.00 "," 4,630.00 ",,, -   
3/19/2026,KE9800005762,3/21/2025,3/19/2026,100," 4,765.00 "," 4,805.00 ",,, -   
6/18/2026,KE9800007438,6/20/2025,6/18/2026,191," 4,803.00 "," 4,844.00 ",,, -   
9/17/2026,KE9900001430,9/19/2025,9/17/2026,282," 4,870.00 "," 4,911.00 ",,, -   
,,,,,,,,,
INDEX (10MN),,,,,,,,,
12/18/2025,KE9600003439,12/20/2024,12/18/2025,9," 1,815.00 "," 1,840.00 ",,, -   
3/19/2026,KE9800005986,3/21/2025,3/19/2026,100," 1,828.00 "," 1,853.00 ",,, -   
6/18/2026,KE9800007768,6/20/2025,6/18/2026,191," 1,842.00 "," 1,868.00 ",,, -   
9/17/2026,KE9900001653,9/19/2025,9/17/2026,282," 1,868.00 "," 1,894.00 ",,, -   
,,,,,,,,,
SINGLE STOCK FUTURE (SCOM),,,,,,,,,
12/18/2025,KE9600001987,12/20/2024,12/18/2025,9, 28.21 , 28.92 ,,," 2,177.00 "
3/19/2026,KE9800006109,3/21/2025,3/19/2026,100, 28.73 , 29.45 ,,, 350.00 
6/18/2026,KE9800007875,6/20/2025,6/18/2026,191, 29.29 , 30.03 ,,, 40.00 
9/17/2026,KE9900001760,9/19/2025,9/17/2026,282, 30.02 , 30.77 ,,, -   
,,,,,,,,,
SINGLE STOCK FUTURE (EQTY),,,,,,,,,
12/18/2025,KE9600002100,12/20/2024,12/18/2025,9, 60.13 , 60.64 ,,, 250.00 
3/19/2026,KE9800006323,3/21/2025,3/19/2026,100, 61.24 , 61.77 ,,, -   
6/18/2026,KE9800008097,6/20/2025,6/18/2026,191, 62.43 , 62.97 ,,, -   
9/17/2026,KE9900001984,9/19/2025,9/17/2026,282, 63.98 , 64.53 ,,, -   
,,,,,,,,,
SINGLE STOCK FUTURE (KCBG),,,,,,,,,
12/18/2025,KE9600002092,12/20/2024,12/18/2025,9, 56.84 , 56.00 , 50.00 ," 284,200.00 ", 850.00 
3/19/2026,KE9800006216,3/21/2025,3/19/2026,100, 57.16 , 57.17 ,,, 205.00 
6/18/2026,KE9800007982,6/20/2025,6/18/2026,191, 58.27 , 58.28 ,,, -   
9/17/2026,KE9900001877,9/19/2025,9/17/2026,282, 59.71 , 59.73 ,,, -   
,,,,,,,,,
SINGLE STOCK FUTURE (EABL),,,,,,,,,
12/18/2025,KE9600002324,12/20/2024,12/18/2025,9, 230.45 , 230.55 ,,, 1.00 
3/19/2026,KE9800006547,3/21/2025,3/19/2026,100, 234.75 , 234.80 ,,, -   
6/18/2026,KE9800008212,6/20/2025,6/18/2026,191, 239.30 , 239.35 ,,, -   
9/17/2026,KE9900002107,9/19/2025,9/17/2026,282, 245.25 , 245.30 ,,, -   
,,,,,,,,,
SINGLE STOCK FUTURE (BATK),,,,,,,,,
12/18/2025,KE9600002548,12/20/2024,12/18/2025,9, 437.40 , 433.50 ,,, -   
3/19/2026,KE9800006653,3/21/2025,3/19/2026,100, 445.55 , 441.55 ,,, -   
6/18/2026,KE9800008329,6/20/2025,6/18/2026,191, 454.15 , 450.10 ,,, -   
9/17/2026,KE9900002214,9/19/2025,9/17/2026,282, 465.40 , 461.30 ,,, -   
,,,,,,,,,
SINGLE STOCK FUTURE (ABSA),,,,,,,,,
12/18/2025,KE9600002217,12/20/2024,12/18/2025,9, 22.05 , 22.10 ,,, 2.00 
3/19/2026,KE9800006430,3/21/2025,3/19/2026,100, 22.46 , 22.51 ,,, -   
6/18/2026,KE9800008105,6/20/2025,6/18/2026,191, 22.89 , 22.95 ,,, -   
9/17/2026,KE9900002099,9/19/2025,9/17/2026,282, 23.46 , 23.52 ,,, -   
,,,,,,,,,
SINGLE STOCK FUTURE (NCBA),,,,,,,,,
12/18/2025,KE9600002654,12/20/2024,12/18/2025,9, 78.17 , 76.68 ,,, 38.00 
3/19/2026,KE9800006760,3/21/2025,3/19/2026,100, 79.62 , 78.10 ,,, -   
6/18/2026,KE9800008436,6/20/2025,6/18/2026,191, 81.16 , 79.62 ,,, -   
9/17/2026,KE9900002438,9/19/2025,9/17/2026,282, 83.17 , 81.60 ,,, -   
,,,,,,,,,
SINGLE STOCK FUTURE (COOP),,,,,,,,,
12/18/2025,KE9600002878,12/20/2024,12/18/2025,9, 22.00 , 23.21 ,,, 3.00 
3/19/2026,KE9800006877,3/21/2025,3/19/2026,100, 22.41 , 23.64 ,,, -   
6/18/2026,KE9800008543,6/20/2025,6/18/2026,191, 22.84 , 24.09 ,,, -   
9/17/2026,KE9900002545,9/19/2025,9/17/2026,282, 23.41 , 24.69 ,,, -   
,,,,,,,,,
SINGLE STOCK FUTURE (SCBK),,,,,,,,,
12/18/2025,KE9600002985,12/20/2024,12/18/2025,9, 287.60 , 287.90 ,,, 1.00 
3/19/2026,KE9800006984,3/21/2025,3/19/2026,100, 292.95 , 293.25 ,,, -   
6/18/2026,KE9800008659,6/20/2025,6/18/2026,191, 298.60 , 298.95 ,,, -   
9/17/2026,KE9900002768,9/19/2025,9/17/2026,282, 306.00 , 306.35 ,,, -   
,,,,,,,,,
SINGLE STOCK FUTURE (IMHP),,,,,,,,,
12/18/2025,KE9600003090,12/20/2024,12/18/2025,9, 45.45 , 45.31 ,,, 526.00 
3/19/2026,KE9800007099,3/21/2025,3/19/2026,100, 46.29 , 46.15 ,,, 1.00 
6/18/2026,KE9800008766,6/20/2025,6/18/2026,191, 47.19 , 47.04 ,,, 2.00 
9/17/2026,KE9900002875,9/19/2025,9/17/2026,282, 48.36 , 48.21 ,,, -   
